{"cameraMode":{"drawMode":0,"name":"Shaded","section":"Shading Mode"},"sceneLighting":true,"audioPlay":false,"sceneViewState":{"m_AlwaysRefresh":false,"showFog":true,"showSkybox":true,"showFlares":true,"showImageEffects":true,"showParticleSystems":true,"showVisualEffectGraphs":true,"m_FxEnabled":true},"in2DMode":false,"pivot":{"x":0.6027321815490723,"y":1.3449063301086426,"z":-2.643075942993164},"rotation":{"x":0.31767380237579348,"y":-0.016215188428759576,"z":0.005433117970824242,"w":0.9480473399162293},"size":6.839935779571533,"orthographic":true}